t,I0,I1,I2,S
0.0,1.0,0.01,0.01,3000.0
0.05,1.0084461056221854,0.05990279515585748,0.009915345778645732,2999.9414180657664
0.1,1.0170370796740185,0.10979217623141341,0.010183817515061507,2999.882348578185
0.15000000000000002,1.0257756520925236,0.15967554057630207,0.010793656992389147,2999.822782057484
0.2,1.0346645338052634,0.20956035610834114,0.011733547433269273,2999.762708900054
0.25,1.0437064186097547,0.25945415979566355,0.012992599376194642,2999.7021193783125
0.3,1.0529039850031314,0.30936455624446585,0.014560337009139376,2999.6410036404986
0.35,1.0622598979638003,0.3592992163890151,0.016426684946055776,2999.5793517104003
0.39999999999999997,1.071776810686781,0.40926587628066957,0.01858195543228417,2999.5171534870174
0.44999999999999996,1.0814573662743743,0.45927233597278144,0.0210168359653609,2999.45439874416
0.49999999999999994,1.09130419938374,0.5093264584984566,0.023722377318135236,2999.391077129984
0.5499999999999999,1.101319937832933,0.5594361689382509,0.02668998195151861,2999.327178166467
0.6,1.1115072041668796,0.6096094535749845,0.029911392804588884,2999.262691248824
0.65,1.1218686171847443,0.6598543591329521,0.03337868245015954,2999.1976056448634
0.7000000000000001,1.1324067934300832,0.7101789920989017,0.037084242604298365,2999.1319104942872
0.7500000000000001,1.1431243486451417,0.7605915181222479,0.04102077397864342,2999.0655948079357
0.8000000000000002,1.1540238991906087,0.8111001614920724,0.04518127646471571,2998.998647466975
0.8500000000000002,1.1651080634321,0.8617132046885504,0.04955903963976869,2998.9310572220334
0.9000000000000002,1.1763794630946034,0.9124389880065258,0.0541476335840447,2998.862812692284
0.9500000000000003,1.1878407245860794,0.9632859092490377,0.05894089999962811,2998.7939023644744
1.0000000000000002,1.1994944802913754,1.0142624234886781,0.06393294362139448,2998.724314591908
1.0500000000000003,1.2113433698375724,1.065377042894737,0.06911812391085506,2998.654037593373
1.1000000000000003,1.223390041331852,1.1166383366241621,0.07449104702398635,2998.583059452025
1.1500000000000004,1.2356371525729333,1.168054930774435,0.08004655804441575,2998.5113681142193
1.2000000000000004,1.2480873722371009,1.2196355083965262,0.08577973347360729,2998.438951388298
1.2500000000000004,1.2607433810398085,1.2713888095661667,0.09168587396995469,2998.365796943328
1.3000000000000005,1.2736078728738174,1.3233236315117312,0.09776049732894547,2998.291892307796
1.3500000000000005,1.2866835559247929,1.3754488287970896,0.1039993316968071,2998.217224868256
1.4000000000000006,1.2999731537652583,1.4277733135578512,0.11039830901028609,2998.141781867935
1.4500000000000006,1.3134794064277746,1.4803060557894696,0.11695355865544357,2998.0655504052934
1.5000000000000007,1.3272050714581878,1.5330560836857487,0.1236614013385757,2997.9885174325404
1.5500000000000007,1.3411529249497591,1.586032484026331,0.13051834316258554,2997.910669754113
1.6000000000000008,1.3553257625589692,1.6392444026118085,0.13752106990234395,2997.8319940251054
1.6500000000000008,1.3697264005037584,1.6927010447451463,0.1446664414727819,2997.7524767496634
1.7000000000000008,1.384357676544948,1.7464116757581558,0.15195148658365443,2997.672104279334
1.7500000000000009,1.3992224509515554,1.8003856215818044,0.15937339757510866,2997.5908628113757
1.800000000000001,1.4143236074507024,1.8546322693591923,0.16692952542837397,2997.50873838703
1.850000000000001,1.429664054162786,1.9091610681000732,0.17461737494607263,2997.4257168897516
1.900000000000001,1.4452467245225646,1.9639815293758358,0.18243460009682344,2997.3417840434004
1.950000000000001,1.4610745781867907,2.0191032280539076,0.19037899951897985,2997.2569254103955
2.000000000000001,1.4771506019289995,2.0745358030705816,0.19844851217850798,2997.1711263898296
2.0500000000000007,1.4934778105220459,2.1302889582413003,0.20664121317616768,2997.0843722155464
2.1000000000000005,1.510059247608961,2.1863724631074795,0.21495530969931423,2996.996647954179
2.1500000000000004,1.5268979865626822,2.2427961538189787,0.22338913711378605,2996.9079385031528
2.2,1.5439971313351935,2.2995699340513673,0.23194115519148856,2996.81822858865
2.25,1.5613598172965935,2.3567037759571687,0.2406099444694229,2996.727502763539
2.3,1.5789892120645928,2.414207721150291,0.24939420273604446,2996.635745405265
2.3499999999999996,1.5968885163249278,2.472091881722895,0.25829274164096566,2996.542940713705
2.3999999999999995,1.6150609646431584,2.5303664412939715,0.26730448342414564,2996.449072708989
2.4499999999999993,1.633509826268304,2.5890416560889316,0.27642845776083075,2996.3541252292835
2.499999999999999,1.652238405928758,2.648127856049545,0.2856637987186298,2996.2580819285376
2.549999999999999,1.6712500446209022,2.707635445973586,0.2950097418232224,2996.1609262741986
2.5999999999999988,1.6905481203908348,2.767574906683571,0.30446562122931087,2996.062641544887
2.6499999999999986,1.7101360491096051,2.8279567962240058,0.3140308669935331,2995.9632108280402
2.6999999999999984,1.7300172852423388,2.88879175108657,0.3237050024461606,2995.86261701752
2.7499999999999982,1.7501953226116234,2.9500904874627096,0.3334876416585037,2995.760842811184
2.799999999999998,1.7706736951555098,3.0118638025231097,0.3433784870030482,2995.6578707084254
2.849999999999998,1.7914559776804755,3.074122575723561,0.3533773268034389,2995.5536830076753
2.8999999999999977,1.8125457866096801,3.1368777701367407,0.3634840330715206,2995.4482618038714
2.9499999999999975,1.8339467807268335,3.2001404338094606,0.37369855932873386,2995.341588985893
2.9999999999999973,1.8556626619159864,3.2639217011449366,0.384020938509251,2995.233646233961
3.049999999999997,1.8776971758975394,3.3282327943096814,0.3944512809423204,2995.1244150170037
3.099999999999997,1.9000541129607573,3.3930850246646074,0.40498977241136785,2995.0138765899906
3.149999999999997,1.9227373086930644,3.4584897942199713,0.41563667228748347,2994.902011991227
3.1999999999999966,1.945750644706384,3.5244585971137936,0.4263923117349971,2994.7888020396204
3.2499999999999964,1.9690980493607801,3.591003021113406,0.43725709198691953,2994.6742273319087
3.2999999999999963,1.9927834984856427,3.6581347491397977,0.4482314826880981,2994.558268239857
3.349999999999996,2.016811016098652,3.725865560814444,0.4593160203040034,2994.4409049074193
3.399999999999996,2.041184675122748,3.794207334028312,0.4705113065931319,2994.322117247865
3.4499999999999957,2.065908598101319,3.8631720465327604,0.4818180071410724,2994.2018849408764
3.4999999999999956,2.0909869579118174,3.9327717775520545,0.49323684995434863,2994.080187429605
3.5499999999999954,2.116423978477997,4.003018709417233,0.5047686241122088,2993.9570039176997
3.599999999999995,2.142223935480963,4.073925129221082,0.516414178474594,2993.8323133663002
3.649999999999995,2.1683911570692103,4.145503430493961,0.5281744204445723,2993.706094490994
3.699999999999995,2.194930024567826,4.217766114900275,0.5400503147835807,2993.578325758742
3.7499999999999947,2.2218449731870114,4.290725793955353,0.5520428824778723,2993.448985384769
3.7999999999999945,2.2491404927300835,4.3643951907625365,0.5641531996546146,2993.318051329422
3.8499999999999943,2.276821128301098,4.4387871417702724,0.5763823965461379,2993.1855012949914
3.899999999999994,2.3048914810122305,4.513914598549024,0.5887316565008773,2993.051312722502
3.949999999999994,2.3333562086910464,4.589790629587816,0.6012022150396042,2992.9154627884686
3.999999999999994,2.3622200265877833,4.666428422110235,0.6137953589555822,2992.777928401616
4.049999999999994,2.3914877080827517,4.743841283909722,0.6265124254573314,2992.638686199568
4.099999999999993,2.421164085393968,4.8220426452040055,0.6393548013527243,2992.4977125455002
4.149999999999993,2.4512540502851117,4.901046060508495,0.6523239222731793,2992.354983524761
4.199999999999993,2.4817625547739,4.9808652105285205,0.6654212719367573,2992.2104749414557
4.249999999999993,2.5126946118409608,5.06151390407025,0.6786483814490046,2992.0641623150004
4.299999999999993,2.544055296139279,5.143006079970162,0.6920068286404236,2991.9160208766384
4.3499999999999925,2.5758497447042865,5.225355809042927,0.7054982374394885,2991.7660255659243
4.399999999999992,2.6080831576646504,5.308577296047597,0.719124277280158,2991.6141510271755
4.449999999999992,2.6407607989538175,5.392684881671938,0.7328866625428722,2991.460371605885
4.499999999999992,2.6738879970223577,5.4776930445348295,0.7467871520280491,2991.3046613451074
4.549999999999992,2.7074701455511443,5.5636164032065745,0.7608275484611356,2991.1469939818035
4.599999999999992,2.7415127041654026,5.650469718247033,0.77500969802829,2990.9873429431555
4.6499999999999915,2.776021199149648,5.738267894261454,0.7893354899418085,2990.8256813428484
4.699999999999991,2.811001224163533,5.827025981973896,0.8038068560344347,2990.6619819773146
4.749999999999991,2.846458440958608,5.916759180318131,0.8184257703817193,2990.496217321946
4.799999999999991,2.882398580095998,6.007482838545923,0.8331942489516223,2990.3283595272737
4.849999999999991,2.918827441664992,6.099212458352571,0.8481143492805799,2990.1583804151114
4.899999999999991,2.9557508960025247,6.191963696019615,0.8631881701752786,2989.9862514746665
4.94999999999999,2.9931748844135386,6.285752364574597,0.8784178514394063,2989.8119438586164
4.99999999999999,3.03110541989219,6.380594435967768,0.8938055736246743,2989.6354283791534
5.04999999999999,3.0695485878438666,6.476506043265638,0.9093535578054228,2989.456675503992
5.09999999999999,3.1085105468079735,6.573503482861254,0.9250640653761494,2989.275655352346
5.14999999999999,3.1479975291814353,6.671603216701106,0.9409393978713171,2989.092337690872
5.1999999999999895,3.1880158419428555,6.770821874528543,0.9569818968068217,2988.906691929576
5.249999999999989,3.2285718673772688,6.87117625614358,0.9731939435425163,2988.718687117692
5.299999999999989,3.2696720638014094,6.972683333678998,0.9895779591652116,2988.528291939522
5.349999999999989,3.311322966289416,7.075360253892597,1.0061364043915866,2988.335474710248
5.399999999999989,3.3535311873988816,7.179224340475491,1.0228717794904645,2988.1402033717054
5.449999999999989,3.3963034178971503,7.284293096376322,1.0397866242239255,2987.942445488129
5.4999999999999885,3.4396464274877587,7.390584206141254,1.0568835178067426,2987.7421682418644
5.549999999999988,3.4835670655369015,7.498115538269618,1.0741650788836457,2987.539338429045
5.599999999999988,3.5280722617998066,7.60690514758507,1.0916339655239318,2987.3339224552387
5.649999999999988,3.573169027146882,7.716971277622118,1.1092928752329574,2987.1258863310622
5.699999999999988,3.6188644542895014,7.828332363027864,1.1271445449800592,2986.9151956677633
5.749999999999988,3.6651657185052753,7.941007031978812,1.1451917512424674,2986.7018156727713
5.799999999999987,3.7120800783626566,8.055014108612577,1.163437310064787,2986.4857111452156
5.849999999999987,3.759614876444713,8.170372615474326,1.181884077133635,2986.2668464714147
5.899999999999987,3.8077775400718896,8.287101775977785,1.2005349478670346,2986.0451856203317
5.949999999999987,3.856575582023588,8.405221016880612,1.219392857518182,2985.8206921390015
5.999999999999987,3.9060166012583544,8.524749970773964,1.2384607812932058,2985.5933291479264
6.0499999999999865,3.9561082836324926,8.645708478586053,1.2577417344825588,2985.363059336442
6.099999999999986,4.006858402616875,8.768116592099481,1.2772387726056855,2985.1298449580527
6.149999999999986,4.058274820011747,8.891994576482142,1.296954991568625,2984.8936478257406
6.199999999999986,4.110365486659276,9.017362912831462,1.3168935278342107,2984.654429307241
6.249999999999986,4.163138443153623,9.144242300731756,1.3370575586045486,2984.4121503202937
6.299999999999986,4.216601820548275,9.272653660824432,1.3574503020154536,2984.1667713278625
6.349999999999985,4.270763841060382,9.402618137390814,1.3780750173425407,2983.9182523333307
6.399999999999985,4.325632818771823,9.5341571009473,1.398935005218671,2983.666552875666
6.449999999999985,4.381217160326734,9.667292150852585,1.4200336078624638,2983.4116320245616
6.499999999999985,4.437525365625179,9.802045117926648,1.44137420931759,2983.153448375548
6.549999999999985,4.494566028512696,9.938438067081218,1.4629602357025753,2982.891960045082
6.5999999999999845,4.55234783746537,10.0764932999614,1.4847951554708385,2982.6271246656097
6.649999999999984,4.610879576270129,10.216233357598117,1.506882479680711,2982.3588993806034
6.699999999999984,4.670170124699921,10.357681023071047,1.5292257622751744,2982.087240839577
6.749999999999984,4.73022845918342,10.500859324181691,1.551828600371073,2981.812105193077
6.799999999999984,4.7910636534689015,10.645791536136203,1.574694634557553,2981.5334480876504
6.849999999999984,4.852684879281922,10.79250118423759,1.5978275492034921,2981.2512246607926
6.8999999999999835,4.9151014069764045,10.941012046586897,1.6212310727736876,2980.965389535871
6.949999999999983,4.978322606178747,11.091348156792948,1.6449089781535708,2980.675896817033
6.999999999999983,5.042357946424531,11.243533806690213,1.668865082982228,2980.3827000840884
7.049999999999983,5.10721699778742,11.39759354906435,1.693103249993506,2980.0857523873788
7.099999999999983,5.172909431499801,11.553552200384964,1.7176273873649877,2979.785006242626
7.149999999999983,5.239445020564728,11.711434843545081,1.7424414490746272,2979.480413625763
7.199999999999982,5.306833640358693,11.871266830606853,1.767549435264833,2979.1719259677516
7.249999999999982,5.37508526922477,12.033073785552952,1.7929553926137998,2978.8594941493816
7.299999999999982,5.4442099890556115,12.196881607043128,1.8186634147138805,2978.5430684960597
7.349999999999982,5.514217985865818,12.362716471175357,1.8446776424568059,2978.222598772582
7.399999999999982,5.585119550353149,12.530604834251001,1.8710022644255515,2977.898034177896
7.4499999999999815,5.656925078448046,12.700573435543378,1.897641517292659,2977.5693233398524
7.499999999999981,5.729645071850905,12.872649300069112,1.9245996862248205,2977.2364143099458
7.549999999999981,5.8032901385565685,13.046859741361619,1.9518811052935339,2976.899254558048
7.599999999999981,5.877870993365407,13.223232364246059,1.9794901578916444,2976.5577909671347
7.649999999999981,5.953398458380446,13.401795067615053,2.007431277155581,2976.2119698280035
7.699999999999981,6.029883463489883,13.58257604720446,2.035708946393106,2975.8617368339906
7.7499999999999805,6.107337046834409,13.765603798368458,2.06432769951639,2975.507037075683
7.79999999999998,6.18577035525865,13.95090711885317,2.09329212148023,2975.147815035628
7.84999999999998,6.2651946447461,14.138515111568042,2.122606848725226,2974.784014583044
7.89999999999998,6.345621280836854,14.32845718735415,2.1522765696257387,2974.415578968532
7.94999999999998,6.427061739027441,14.52076306774859,2.1823060249424344,2974.0424508187884
7.99999999999998,6.509527605152066,14.715462787744075,2.212700008279247,2973.6645721313253
8.04999999999998,6.593030575744507,14.912586698542851,2.243463366544565,2973.2818842691936
8.09999999999998,6.677582458379941,15.112165470303973,2.274601000416467,2972.894327955716
8.14999999999998,6.7631951719959185,15.314230094883008,2.3061178648118137,2972.5018432692304
8.199999999999982,6.849880747191712,15.518811888563167,2.3380189693590228,2972.1043696378415
8.249999999999982,6.937651326505235,15.725942494776827,2.3703093788743312,2971.7018458341886
8.299999999999983,7.0265191646667065,15.935653886816416,2.402994213841364,2971.2942099702277
8.349999999999984,7.116496628828227,16.147978370533558,2.4360786508938186,2970.881399492031
8.399999999999984,7.207596198768407,16.362948587025368,2.4695679233010788,2970.4633511746065
8.449999999999985,7.299830467071156,16.58059751530675,2.5034673214565615,2970.040001116737
8.499999999999986,7.393212139277763,16.800958474967494,2.5377821933686087,2969.6112847358454
8.549999999999986,7.487754034011315,17.024065128812985,2.572517945153728,2969.1771367628844
8.599999999999987,7.583469083072548,17.249951485487216,2.6076800415319816,2968.7374912372543
8.649999999999988,7.6803703315061425,17.478651902076884,2.643274006324328,2968.292281501753
8.699999999999989,7.778470937636514,17.710201086695168,2.6793054229517117,2967.841440197558
8.74999999999999,7.877784173072076,17.94463410104389,2.7157799349356946,2967.384899259243
8.79999999999999,7.978323422676965,18.181986362952575,2.7527032464004257,2966.922589909835
8.84999999999999,8.080102184509188,18.422293648893067,2.790081122575734,2966.454442655911
8.899999999999991,8.183134069724124,18.665592096468117,2.8279193903011284,2965.9803872827383
8.949999999999992,8.287432802442298,18.911918206872492,2.866223938530495,2965.500352849461
8.999999999999993,8.393012219580326,19.161308847325007,2.9050007188372584,2965.0142676843366
9.049999999999994,8.499886270643897,19.413801253469863,2.944255745919794,2964.522059380024
9.099999999999994,8.608069017481645,19.669433031745694,2.9839950981068513,2964.023654788928
9.149999999999995,8.71757463399875,19.92824216172056,3.0242249178627616,2963.5189800186
9.199999999999996,8.828417405829054,20.190266998391206,3.0649514122921913,2963.007960427201
9.249999999999996,8.940611729964504,20.455546274444767,3.1061808536441946,2962.4905206190324
9.299999999999997,9.054172114340657,20.724119102481136,3.1479195798153246,2961.96658444013
9.349999999999998,9.169113177377014,20.996024977194057,3.190173994851546,2961.4360749739326
9.399999999999999,9.285449647470877,21.271303777509104,3.232950569448696,2960.898914537025
9.45,9.403196362443445,21.549995768676503,3.2762558414512295,2960.35502467496
9.5,9.52236826893681,21.832141604316835,3.3200964163489846,2959.804326158161
9.55,9.64298042176051,22.117782328417526,3.3644789677716895,2959.246738977913
9.600000000000001,9.765047983186264,22.40695937727803,3.4094102379809414,2958.6821823424416
9.650000000000002,9.888586222189497,22.699714581401526,3.454897038359365,2958.1105746730877
9.700000000000003,10.013610513636248,22.996090167330905,3.500946249896665,2957.5318336005776
9.750000000000004,10.140136337414006,23.29612875942682,3.5475648236722783,2956.9458759613967
9.800000000000004,10.268179277505022,23.599873381585446,3.5947597813343153,2956.3526177942695
9.850000000000005,10.39775502100062,23.90736745889356,3.642538215574491,2955.751974336749
9.900000000000006,10.528879357055006,24.218654819218585,3.690907290598726,2955.1438600219203
9.950000000000006,10.661568175777022,24.533779694731038,3.739874242593093,2954.5281884752276
10.000000000000007,10.795837467058345,24.85278672335691,3.789446380184782,2953.904872511418
10.050000000000008,10.931703319336508,25.17572095015735,3.839631084897751,2953.2738241316206
10.100000000000009,11.06918191829121,25.502627828633017,3.8904358116027096,2952.634954520555
10.15000000000001,11.208289545472255,25.833553221950414,3.941868088961096,2951.9881740438777
10.20000000000001,11.349042576857522,26.16854340408743,3.9939355198626805,2951.3333922456754
10.25000000000001,11.491457481339312,26.507645060895257,4.046645781856428,2950.6705178461007
10.300000000000011,11.635550819137373,26.850905291073865,4.10000662757426,2949.9994587391657
10.350000000000012,11.781339240136969,27.198371607058018,4.1540258851473055,2949.320121990692
10.400000000000013,11.928839482150218,27.550091935810926,4.2087114586142915,2948.632413836424
10.450000000000014,12.07806836909904,27.906114619522413,4.264071328321628,2947.936239680314
10.500000000000014,12.229042809117907,28.26648841620854,4.320113551314821,2947.2315040929784
10.550000000000015,12.381779792574692,28.631262500209466,4.376846261720774,2946.518110810337
10.600000000000016,12.536296390007792,29.00048646258238,4.434277671120557,2945.795962732438
10.650000000000016,12.69260974997776,29.374210311386125,4.49241606891222,2945.0649619224737
10.700000000000017,12.85073709683163,29.752484471854252,4.551269822663202,2944.325009605995
10.750000000000018,13.010695728378094,30.135359786453037,4.610847378451878,2943.576006170331
10.800000000000018,13.172503013471735,30.522887514820983,4.6711572611977985,2942.817851164215
10.85000000000002,13.336176389504413,30.915119333586315,4.732208074980135,2942.050443297632
10.90000000000002,13.501733359801982,31.31210733605882,4.794008503343868,2941.2736804418832
10.95000000000002,13.66919149092445,31.713904031792406,4.856567309593215,2940.487459629885
11.000000000000021,13.838568409867692,32.12056234601466,4.919893337071812,2939.6916770566977
11.050000000000022,14.009881801164845,32.53213561891958,4.983995509429128,2938.8862280803014
11.100000000000023,14.183149403885448,32.94867760481973,5.0488828308726035,2938.0710072226184
11.150000000000023,14.358389008530466,33.37024247115378,5.114564386404976,2937.245908170791
11.200000000000024,14.535618453821243,33.79688479734563,5.18104934204627,2936.4108237787236
11.250000000000025,14.714855623380496,34.22865957351092,5.248346945039879,2935.5656460688915
11.300000000000026,14.896118442303415,34.665622199006975,5.3164665240422,2934.7102662344296
11.350000000000026,15.07942487361695,35.107828480822,5.385417489295243,2933.844574641502
11.400000000000027,15.264792914625374,35.55533463179926,5.455209332781637,2932.968460831965
11.450000000000028,15.452240593140175,36.008197268692086,5.525851628361439,2932.081813526327
11.500000000000028,15.6417859635924,36.46647341004529,5.59735403189015,2931.1845206270154
11.55000000000003,15.833447103025499,36.93022047389869,5.669726281317326,2930.2764692219544
11.60000000000003,16.027242106966796,37.399496275308245,5.74297819676515,2929.357545588467
11.65000000000003,16.223189085175658,37.87435902368031,5.817119680586354,2928.4276351975036
11.700000000000031,16.421306157266507,38.35486731991458,5.892160717400827,2927.486622718208
11.750000000000032,16.62161144820477,38.841080153350916,5.9681113741102605,2926.534392022826
11.800000000000033,16.824123083673946,39.33305689851559,6.04498179989017,2925.570826191969
11.850000000000033,17.02885918531188,39.830857311662186,6.122782226158612,2924.5958075202334
11.900000000000034,17.235837865814496,40.334541527102296,6.201522966520913,2923.609217522192
11.950000000000035,17.44507722390513,40.84417005332141,6.281214416689707,2922.61093693876
12.000000000000036,17.656595339167705,41.359803768874976,6.361867054379576,2921.6008457439443
12.050000000000036,17.870410266741967,41.8815039180598,6.443491439175575,2920.5788231519878
12.100000000000037,18.086540031879096,42.409332106355876,6.526098212374912,2919.5447476249115
12.150000000000038,18.30500262435596,42.94335029563361,6.609698096801033,2918.4984968804674
12.200000000000038,18.525815992746356,43.483620799121425,6.69430189658938,2917.4399479005097
12.250000000000039,18.74899803854762,44.03020627612875,6.779920496944035,2916.368976939788
12.30000000000004,18.97456661016101,44.58316972651921,6.8665648638644985,2915.2854595351787
12.35000000000004,19.202539496724327,45.142574484928936,6.954246043841808,2914.1892705153573
12.400000000000041,19.432934421795252,45.70848421472484,7.042975163523209,2913.080284010921
12.450000000000042,19.665769036883965,46.280962901697656,7.132763429344575,2911.9583734649714
12.500000000000043,19.901060914833646,46.860074847484526,7.223622127129757,2910.8234116441663
12.550000000000043,20.138827543047505,47.445884662715905,7.315562621656052,2909.6752706502452
12.600000000000044,20.379086316561047,48.03845725988152,7.408596356184946,2908.5138219320424
12.650000000000045,20.621854530958366,48.63785784591015,7.502734851957298,2907.338936297991
12.700000000000045,20.86714937513129,49.24415191445788,7.597989707652109,2906.1504839291315
12.750000000000046,21.114987923880307,49.85740523789957,7.69437259880802,2904.9483343926277
12.800000000000047,21.365387130356215,50.477683859018256,7.7918952772066685,2903.7323566558034
12.850000000000048,21.6183638183416,51.10505408238712,7.890569570217028,2902.502419100705
12.900000000000048,21.873934674371263,51.7395824654388,7.990407380099838,2901.258389539199
12.950000000000049,22.132116239690802,52.3813358092167,8.091420683271243,2900.000135228615
13.00000000000005,22.39292490205269,53.030381148803,8.193621529524735,2898.7275228879366
13.05000000000005,22.656376887349246,53.68678574341816,8.297022041210484,2897.4404187145574
13.100000000000051,22.92248825108199,54.3506170661866,8.401634412371148,2896.1386884016006
13.150000000000052,23.191274869666998,55.02194279356332,8.507470907833255,2894.822197155815
13.200000000000053,23.46275243157598,55.700830794416355,8.614543862253194,2893.490809716058
13.250000000000053,23.736936428312863,56.3873491187598,8.72286567911692,2892.144390372365
13.300000000000054,24.013842145225865,57.08156598613232,8.83244882969241,2890.7828029856214
13.350000000000055,24.293484652155087,57.78354977361604,8.943305851933939,2889.4059110078415
13.400000000000055,24.57587879391579,58.493369003490834,9.05544934933722,2888.0135775030585
13.450000000000056,24.861039180617723,59.21109233051899,9.168891989744465,2886.6056651688373
13.500000000000057,25.14898017782087,59.93678852885534,9.283646504098405,2885.1820363584156
13.550000000000058,25.439715896528277,60.67052647857804,9.399725685144315,2883.74255310348
13.600000000000058,25.733260183016615,61.41237515183522,9.51714238607909,2882.287077137583
13.650000000000059,26.02962660850542,62.16240359860281,9.635909519146404,2880.8154699202078
13.70000000000006,26.328828458665978,62.92068093204891,9.756040054176989,2879.327592661491
13.75000000000006,26.630878722971097,63.6872763135003,9.87754701707308,2877.823306347601
13.800000000000061,26.935790083887095,64.46225893700657,10.000443488236069,2876.302471766785
13.850000000000062,27.243574905909515,65.24569801349767,10.12474260093638,2874.7649495360893
13.900000000000063,27.554245224444287,66.03766275453069,10.250457539624648,2873.210600128754
13.950000000000063,27.867812734536212,66.83822235562168,10.377601538183228,2871.6392839022915
14.000000000000064,28.184288779446796,67.64744597915896,10.50618787811706,2870.0508611272517
14.050000000000065,28.503684339083737,68.46540273689362,10.636229886682994,2868.4451920166784
14.100000000000065,28.826010018284464,69.29216167200417,10.767740934956578,2866.8221367562605
14.150000000000066,29.151276034956396,70.12779174073133,10.90073443583543,2865.1815555351845
14.200000000000067,29.479492208076767,70.97236179358008,11.03522384197821,2863.5233085776867
14.250000000000068,29.81066794555509,71.82594055608565,11.171222643678322,2861.8472561753133
14.300000000000068,30.144812231961502,72.68859660914052,11.308744366671394,2860.1532587198876
14.350000000000069,30.481933616124532,73.56039836887973,11.447802569875678,2858.4411767371894
14.40000000000007,30.82204019860197,74.441414066122,11.588410843064436,2856.710870921345
14.45000000000007,31.16513961902882,75.3317117253642,11.730582804469472,2854.9622021699315
14.500000000000071,31.5112390433465,76.2313591433273,11.874332098314932,2853.1950316197986
14.550000000000072,31.860345150917723,77.14042386705158,12.019672392280516,2851.4092206836012
14.600000000000072,32.212464121531745,78.05897317153992,12.166617374893287,2849.604631087052
14.650000000000073,32.567601622304856,78.98707403694738,12.315180752847251,2847.781124906887
14.700000000000074,32.9257627944813,79.9247931253162,12.465376248249907,2845.9385646095443
14.750000000000075,33.286952240140074,80.87219675685537,12.617217595794994,2844.076813090559
14.800000000000075,33.65117400881326,81.8293508857641,12.770718539860688,2842.1957337146646
14.850000000000076,34.018431584021826,82.79632107559901,12.925892831532494,2840.295190356606
14.900000000000077,34.388727869735185,83.77317247418512,13.082754225550135,2838.3750474426547
14.950000000000077,34.76206517676089,84.75996978807093,13.241316477177755,2836.4351699928293
15.000000000000078,35.13844520907135,85.75677725652834,13.401593338996765,2834.4754236638073
15.050000000000079,35.51786905007446,86.76365862509832,13.56359855762071,2832.495674792534
15.10000000000008,35.90033714883563,87.78067711868388,13.72734587033154,2830.495790440515
15.15000000000008,36.285849306258704,88.807895414192,13.89284900163674,2828.475638438791
15.200000000000081,36.67440466123364,89.84537561272649,14.060121659746756,2826.435087433583
15.250000000000082,37.066001676759214,90.89317921133447,14.229177532972209,2824.374006932605
15.300000000000082,37.46063812604915,91.9513670743093,14.400030286040456,2822.292267352036
15.350000000000083,37.85831107863041,93.01999940405311,14.572693556331034,2820.1897400641365
15.400000000000084,38.25901688644272,94.09913571150275,14.747180950029609,2818.0662974455054
15.450000000000085,38.66275116994869,95.18883478612331,14.923506038200074,2815.921812925966
15.500000000000085,39.069508804264004,96.28915466547356,15.101682352774489,2813.7561610380685
15.550000000000086,39.4792839053178,97.40015260434863,15.281723382460587,2811.5692174671954
15.600000000000087,39.89206981605327,98.5218850435051,15.463642568566627,2809.360859102262
15.650000000000087,40.30785909267908,99.6544075779745,15.647453300743425,2807.130964086994
15.700000000000088,40.72664349098227,100.79777492497185,15.833168912643435,2804.879411871769
15.750000000000089,41.148413952713845,101.95204089140569,16.020802677496803,2802.6060832660078
15.80000000000009,41.57316059205828,103.11725834099745,16.210367803604367,2800.3108604910963
15.85000000000009,42.000872682198604,104.29347916101771,16.40187742974766,2797.9936272338277
15.900000000000091,42.43153864198901,105.48075422864795,16.595344620515963,2795.654268700338
15.950000000000092,42.86514602274705,106.67913337697667,16.790782361550594,2793.2926716705247
16.000000000000092,43.30168149517804,107.88866536063931,16.98820355470663,2790.908724552924
16.050000000000093,43.741130836444164,109.10939782111211,17.187621013132297,2788.5023174400276
16.100000000000094,44.183478917391426,110.34137725167032,17.389047456266415,2786.073342164019
16.150000000000095,44.628709689947556,111.58464896202196,17.592495504754243,2783.621692352906
16.200000000000095,45.07680617470439,112.83925704262882,17.797977675282237,2781.147263487026
16.250000000000096,45.52775044869837,114.105244328727,18.005506375332185,2778.6499529559014
16.300000000000097,45.98152363340315,115.38265236405975,18.215093897855407,2776.1296601154195
16.350000000000097,46.4381058829484,116.67152136433612,18.426752415867625,2773.5862863453112
16.400000000000098,46.89747637257921,117.97189018042933,18.64049397696528,2771.019735106903
16.4500000000001,47.35961328737068,119.28379626132968,18.85633049776413,2768.4299120011124
16.5000000000001,47.82449381121231,120.60727561686703,19.074273758261008,2765.8167248266604
16.5500000000001,48.29209411607735,121.94236278021867,19.29433539611974,2763.1800836384728
16.6000000000001,48.76238935159204,123.28909077021932,19.51652690088229,2760.5199008062355
16.6500000000001,49.23535363492002,124.64749105348977,19.740859608106234,2757.836091073078
16.700000000000102,49.7109600409774,126.01759350640242,19.967344693429858,2755.1285716143507
16.750000000000103,50.18918059299394,127.39942637690152,20.195993166566144,2752.397262096461
16.800000000000104,50.66998625343604,128.79301624619725,20.42681586522706,2749.64208473574
16.850000000000104,51.15334691530722,130.19838799035318,20.65982344897964,2746.8629643573004
16.900000000000105,51.63923139384198,131.6155647417869,20.895026393035455,2744.0598284538523
16.950000000000106,52.12760741860895,133.04456785070505,21.132434981975102,2741.2326072444403
17.000000000000107,52.618441626039186,134.4854168464938,21.372059303409532,2738.381233733064
17.050000000000107,53.11169955239568,135.9381293990866,21.613909241580007,2735.5056437671474
17.100000000000108,53.60734562720004,137.40272128033217,21.8579944708987,2732.6057760958133
17.15000000000011,54.10534316713234,138.87920632538552,22.104324449431935,2729.681572427929
17.20000000000011,54.60565437042006,140.36759639414598,22.35290841232827,2726.732977489879
17.25000000000011,55.1082403117321,141.86790133276634,22.60375536519357,2723.759939083025
17.30000000000011,55.613060937593616,143.38012893525828,22.85687407741554,2720.7624081408144
17.35000000000011,56.12007506233758,144.90428490521944,23.112273075440022,2717.7403387854915
17.400000000000112,56.629240364608535,146.44037281770807,23.369960636001714,2714.69368838437
17.450000000000113,57.14051338443422,147.98839408129203,23.62994477931187,2711.6224176056257
17.500000000000114,57.6538495208803,149.5483479002992,23.892233262205764,2708.526490473561
17.550000000000114,58.16920303030344,151.1202312372968,24.156833571252747,2705.4058744233007
17.600000000000115,58.68652702521772,152.70403877582797,24.42375291583185,2702.2605403548732
17.650000000000116,59.205773473789,154.29976288343428,24.692998221175987,2699.0904626866304
17.700000000000117,59.72689319997189,155.90739357499294,24.964576121387864,2695.895619407962
17.750000000000117,60.24983588430339,157.52691847639878,25.23849295243092,2692.675992131257
17.800000000000118,60.77455006536717,159.1583227886206,25.514754745098575,2689.431566143067
17.85000000000012,61.30098314194206,160.80158925216267,25.79336721796529,2686.162330454423
17.90000000000012,61.82908137584786,162.45669811196186,26.074335770322993,2682.8682778502616
17.95000000000012,62.358789895501424,164.12362708275194,26.35766547510648,2679.5494049379063
18.00000000000012,62.890052700195305,165.8023513149265,26.643361071811594,2676.205712194567
18.05000000000012,63.42281266511101,167.49284336093237,26.931426959410018,2672.8372040138006
18.100000000000122,63.95701154707828,169.19507314222565,27.221867189264632,2669.4438887508923
18.150000000000123,64.49258999109148,170.90900791682313,27.514685458049474,2666.025778767102
18.200000000000124,65.0294875375935,172.63461224748144,27.809885100678457,2662.5828904727387
18.250000000000124,65.5676426305372,174.37184797053735,28.107469083247075,2659.115244369003
18.300000000000125,66.10699262623359,176.12067416544178,28.407439995991425,2655.6228650885637
18.350000000000126,66.6474738029957,177.8810471250215,28.70980004626895,2652.1057814348096
18.400000000000126,67.1890213715861,179.6529203265012,29.01455105156544,2648.564026419738
18.450000000000127,67.73156948647554,181.4362444033203,29.32169443253285,2644.997637300429
18.500000000000128,68.2750512579197,183.2309671177773,29.631231206062612,2641.4066556140583
18.55000000000013,68.81939876485981,185.0370333345359,29.943161978399218,2637.7911272114106
18.60000000000013,69.36454306865275,186.85438499502595,30.2574869382989,2634.151102288839
18.65000000000013,69.91041422763503,188.68296109277338,30.574205850238314,2630.48663541863
18.70000000000013,70.4569413125246,190.52269764969202,30.8933180476782,2626.7977855777326
18.75000000000013,71.00405242266336,192.37352769337105,31.214822426387087,2623.0846161748027
18.800000000000132,71.55167470310263,194.23538123539103,31.538717437830176,2619.3471950755256
18.850000000000133,72.09973436253289,196.1081852507017,31.86500108262854,2615.5855946261718
18.900000000000134,72.6481566920581,197.99186365809405,32.19367090409392,2611.799891675346
18.950000000000134,73.19686608481447,199.88633730179927,32.52472398184439,2607.9901675938904
19.000000000000135,73.745786056432,201.7915239342467,32.858156925506265,2604.156508292903
19.050000000000136,74.29483926633657,203.70733820001243,33.193965868507625,2600.299004239831
19.100000000000136,74.84394753988964,205.6336916209899,33.53214646196888,2596.417750472609
19.150000000000137,75.39303189136102,207.57049258281356,33.872693868695904,2592.5128466117967
19.200000000000138,75.94201254772966,209.51764632256555,34.2156027572812,2588.584396870693
19.25000000000014,76.49080897330646,211.47505491779583,34.56086729631862,2584.632510063386
19.30000000000014,77.03933989517171,213.44261727688425,34.9084811487373,2580.657299610708
19.35000000000014,77.58752332941917,215.42022913077386,35.25843746626027,2576.6588835440734
19.40000000000014,78.13527660819754,217.40778302610286,35.61072888399338,2572.63738450716
19.45000000000014,78.68251640753911,219.40516831976268,35.96534751515023,2568.592929755413
19.500000000000142,79.22915877596432,221.41227117490834,36.32228494591852,2564.5256511533494
19.550000000000143,79.77511916385004,223.428974558447,36.68153223047366,2560.4356851696302
19.600000000000144,80.32031245354808,225.4551582400291,37.043079886145016,2556.323172869887
19.650000000000144,80.86465299023976,227.49069879256618,37.40691788874051,2552.1882599072806
19.700000000000145,81.40805461351096,229.535469594298,37.773035668035085,2548.03109651077
19.750000000000146,81.95043068963125,231.58934083243125,38.14142210342858,2543.851837471082
19.800000000000146,82.49169414451971,233.65217950837004,38.512065519778474,2539.650642124358
19.850000000000147,83.03175749737879,235.7238494445587,38.88495368341302,2535.427674333477
19.900000000000148,83.57053289497676,237.8042112929549,39.260073798330154,2531.183102467034
19.95000000000015,84.10793214655818,239.89312254515096,39.6374125025875,2526.9170993759703
20.00000000000015,84.64386675936085,241.99043754415942,40.01695586488887,2522.629842367851
20.05000000000015,85.17824797471671,244.0960074978781,40.398689381372385,2518.3215131787815
20.10000000000015,85.71098680471326,246.2096804942483,40.78259797260546,2513.9922979429643
20.15000000000015,86.24199406939088,248.33130151811835,41.16866598079169,2509.6423871598945
20.200000000000152,86.77118043445094,250.46071246982433,41.556877167194685,2505.2719756591955
20.250000000000153,87.29845644944807,252.59775218549683,41.94721470978372,2500.881262563104
20.300000000000153,87.82373258643979,254.7422564591026,42.339661201106026,2496.470451246606
20.350000000000154,88.34691927906518,256.8940580662278,42.734198646390404,2492.039749295236
20.400000000000155,88.86792696202376,259.052986789608,43.1308084618868,2487.58936846055
20.450000000000156,89.38666611092512,261.2188694464094,43.52947147344624,2483.119524613284
20.500000000000156,89.90304728247852,263.39152991726303,43.93016791534555,2478.63043769422
20.550000000000157,90.41698115499156,265.5707891770527,44.33287742936098,2474.12233166277
20.600000000000158,90.9283785691458,267.7564653274565,44.73757906409491,2469.595434443305
20.65000000000016,91.43715056901698,269.948373631239,45.14425127455946,2465.049977869245
20.70000000000016,91.94320844330636,272.14632654829,45.552871922020834,2460.4861976249467
20.75000000000016,92.44646376674973,274.3501337734048,45.96341827410803,2455.904333185401
20.80000000000016,92.94682844166938,276.55960227579806,46.3758670051893,2451.3046277537837
20.85000000000016,93.44421473963449,278.7745363403427,46.790194197019694,2446.687328196883
20.900000000000162,93.93853534319437,280.9947376105232,47.206375339662785,2442.0526849784396
20.950000000000163,94.429703387649,283.22000513309087,47.62438533268942,2437.4009520904397
21.000000000000163,94.91763250282055,285.45013540440704,48.044198486656384,2432.7323869823936
21.050000000000164,95.40223685478972,287.684922418459,48.46578852486732,2428.0472504886434
21.100000000000165,95.88343118755984,289.9241577165308,48.88912858541837,2423.3458067537426
21.150000000000166,96.36113086461201,292.1676304385099,49.314191223530635,2418.628323155952
21.200000000000166,96.83525191031414,294.4151273758099,49.74094841417137,2413.895070228898
21.250000000000167,97.30571105114649,296.66643302588557,50.16937155496559,2409.1463215814424
21.300000000000168,97.77242575670653,298.92132964831706,50.59943146939966,2404.382353815814
21.35000000000017,98.2353142804557,301.1795973224376,51.03109841031798,2399.603446444055
21.40000000000017,98.6942957001708,303.44101400647713,51.464342063714,2394.8098818028357
21.45000000000017,99.14928995806268,305.7053555981929,51.899131552816165,2390.001944966694
21.50000000000017,99.60021790052527,307.97239599695666,52.33543544246953,2385.1799236597553
21.55000000000017,100.04700131747792,310.24190716726645,52.77322174381323,2380.344108165998
21.600000000000172,100.48956298126454,312.51365920364896,53.212457919254014,2375.494791238116
21.650000000000173,100.92782668507307,314.78742039691787,53.653110887735586,2370.632268005047
21.700000000000173,101.3617172808393,317.06295730175094,54.09514703030342,2365.756835878232
21.750000000000174,101.79116071659958,319.34003480554793,54.538532195964365,2360.868794456662
21.800000000000175,102.21608407325711,321.6184161985302,54.983231707840126,2355.9684454307885
21.850000000000176,102.63641560072737,323.89786324504024,55.42921036961348,2351.0560924853567
21.900000000000176,103.05208475342856,326.17813625599973,55.87643247226583,2346.1320412012346
21.950000000000177,103.46302222508359,328.45899416248176,56.32486180110441,2341.1965989563073
22.000000000000178,103.86915998280105,330.74019459035304,56.77446164307717,2336.250074825504
22.05000000000018,104.27043130040289,333.0214939359395,57.22519479437329,2331.292779480029
22.10000000000018,104.66677079096767,335.30264744266805,57.677023568306794,2326.3250250858755
22.15000000000018,105.05811443855902,337.5834092786369,58.129909803480594,2321.3471252016816
22.20000000000018,105.44439962910943,339.8635326150638,58.583814872228,2316.359394676015
22.25000000000018,105.825565180431,342.1427697055624,59.03869968932857,2311.3621495441516
22.300000000000182,106.2015513713252,344.42087196619576,59.4945247209948,2306.355706924424
22.350000000000183,106.5722999697649,346.69759005625355,59.95124999412596,2301.340384914214
22.400000000000183,106.93775426012314,348.97267395970067,60.40883510582513,2296.316502485668
22.450000000000184,107.29785906942361,351.24587306724317,60.86723923317527,2291.2843793811985
22.500000000000185,107.65256079258964,353.51693625895626,61.32642114326983,2286.2443360088596
22.550000000000185,108.00180741666912,355.78561198741994,61.786339203493355,2281.1966933376607
22.600000000000186,108.34554854401402,358.0516483613054,62.24695139204697,2276.1417727928992
22.650000000000187,108.68373541439462,360.31479322935616,62.70821530871381,2271.07989615158
22.700000000000188,109.01632092602945,362.574794264707,63.17008818585892,2266.0113854380033
22.75000000000019,109.34325965551353,364.83139904948337,63.63252689965802,2260.9365628195833
22.80000000000019,109.66450787662845,367.0843551596228,64.09548798154934,2255.8557505029835
22.85000000000019,109.98002357801934,369.3334102498618,64.55892762990258,2250.769270630627
22.90000000000019,110.2897664797251,371.5783121388283,65.0228017218986,2245.677445177664
22.95000000000019,110.59369804854947,373.8188088941829,65.48706582561354,2240.58059584946
23.000000000000192,110.89178151226184,376.05464891774926,65.9516752123007,2235.4790439796793
23.050000000000193,111.18398187261838,378.28558103057617,66.41658486886325,2230.3731104290264
23.100000000000193,111.4702659171949,380.5113545578722,66.88174951051097,2225.2631154847204
23.150000000000194,111.75060223002485,382.7317194137553,67.34712359359366,2220.149378760763
23.200000000000195,112.02496120103667,384.946426185759,67.81266132860388,2215.0322190990673
23.250000000000195,112.29331503428641,387.1552262190377,68.27831669334161,2209.911954471514
23.300000000000196,112.55563775498291,389.3578717002133,68.74404344623304,2204.788901882993
23.350000000000197,112.81190521530417,391.5541157408068,69.20979513979574,2199.6633772754953
23.400000000000198,113.06209509900467,393.7437124601974,69.67552513424222,2194.5356954333156
23.4500000000002,113.30618692481531,395.92641706805387,70.14118661121374,2189.40616988942
23.5000000000002,113.54416204863843,398.1019859461826,70.60673258763627,2184.275112833043
23.5500000000002,113.776003664542,400.27017672973716,71.07211592969018,2179.1428350185565
23.6000000000002,114.00169680455849,402.430748387736,71.53728936688519,2174.009645675683
23.6500000000002,114.2212283372949,404.5834613028343,72.00220550623216,2168.8758524210843
23.700000000000202,114.43458696536216,406.7280773502979,72.46681684650302,2163.7417611713936
23.750000000000203,114.64176322163291,408.86435997612796,72.93107579257017,2158.6076760577257
23.800000000000203,114.84274946433845,410.9920742742852,73.39493466981646,2153.473899341722
23.850000000000204,115.03753987101632,413.1109870629644,73.85834573860714,2148.3407313331663
23.900000000000205,115.22613043132164,415.2208669598709,74.32126120881466,2143.2084703092237
23.950000000000205,115.40851893871623,417.3214844564508,74.78363325438755,2138.077412435333
24.000000000000206,115.58470498105078,419.41261199102956,75.24541402795437,2132.947851687798
24.050000000000207,115.75468993005643,421.4940240208131,75.70655567545363,2127.820079778114
24.100000000000207,115.91847692976316,423.5654970927075,76.16701035078093,2122.6943860790625
24.150000000000208,116.07607088386351,425.62680991291586,76.626730230444,2117.5710575526045
24.20000000000021,116.22747844204106,427.67774341526894,77.08566752821692,2112.450378679612
24.25000000000021,116.37270798528422,429.71808082825174,77.54377450978431,2107.3326313914545
24.30000000000021,116.51176961020654,431.7476077406862,78.00100350736668,2102.2180950034754
24.35000000000021,116.64467511239592,433.7661121660332,78.45730693431784,2097.1070461503823
24.40000000000021,116.77143796881582,435.77338460527864,78.91263729968567,2091.9997587235675
24.450000000000212,116.89207331928239,437.76921810836825,79.36694722272719,2086.8965038103884
24.500000000000213,117.00659794704212,439.7534083341602,79.82018944736934,2081.797549635416
24.550000000000214,117.11503025847551,441.72575360886276,80.27231685660657,2076.7031615036785
24.600000000000215,117.21739026195281,443.6860549829281,80.72328248682666,2071.6136017459044
24.650000000000215,117.3136995458685,445.63411628637454,81.17303954205634,2066.529129665784
24.700000000000216,117.40398125588183,447.5697441825101,81.62154140811796,2061.4500014892574
24.750000000000217,117.4882600713913,449.4927482200331,82.06874166668906,2056.3764703158386
24.800000000000217,117.56656218127131,451.40294088348634,82.51459410925654,2051.308786071977
24.850000000000218,117.6389152588999,453.30013764204335,82.95905275095718,2046.2471954664686
24.90000000000022,117.70534843650663,455.1841569966069,83.40207184429669,2041.1919419479145
24.95000000000022,117.76589227887018,457.0548205252008,83.84360589273905,2036.1432656642273
25.00000000000022,117.82057875639569,458.9119529266398,84.28360966415887,2031.1014034241864
25.05000000000022,117.8694412176017,460.75538206246057,84.7220382041487,2026.0665886610373
25.10000000000022,117.91251436104727,462.58493899710214,85.15884684917413,2021.0390513981315
25.150000000000222,117.94983420672963,464.40045803632285,85.59399123956925,2016.0190182166004
25.200000000000223,117.98143806698326,466.2017767638444,86.02742733236543,2011.0067122250537
25.250000000000224,118.00736451691085,467.9887360762141,86.45911141394637,2006.0023530312935
25.300000000000225,118.02765336437729,469.7611802158785,86.88900011252264,2001.0061567160333
25.350000000000225,118.04234561959713,471.51895680246326,87.31705041041918,1996.0183358086074
25.400000000000226,118.05148346434669,473.26191686225513,87.74321965616934,1991.0390992646571
25.450000000000227,118.05511022083114,474.98991485588425,88.1674655764091,1986.0686524457774
25.500000000000227,118.05327032023746,476.7028087042061,88.5897462875656,1981.1071971011072
25.550000000000228,118.04600927100346,478.40045981238376,89.01002030733413,1976.1549313508428
25.60000000000023,118.03337362683328,480.082733092173,89.42824656593784,1971.212049671657
25.65000000000023,118.01541095448933,481.7494969824143,89.84438441716485,1966.2787428839993
25.70000000000023,117.99216980139032,483.40062346773686,90.2583936491776,1961.3551981412572
25.75000000000023,117.96369966304506,485.0359880954812,90.67023449508935,1956.4415989207537
25.80000000000023,117.9300509503509,486.6554699908491,91.07986764330306,1951.538125016555
25.850000000000232,117.89127495678575,488.25895187029005,91.48725424760823,1946.644952534064
25.900000000000233,117.84742382552199,489.84632005313466,91.89235593703124,1941.7622538863725
25.950000000000234,117.79855051649015,491.4174644714882,92.2951348254351,1936.8901977923413
26.000000000000234,117.74470877342003,492.9722786783967,92.6955535208648,1932.0289492763834
26.050000000000235,117.685953090886,494.5106598543011,93.09357513463456,1927.1786696699176
26.100000000000236,117.62233868138333,496.03250881179446,93.48916329015357,1922.3395166144617
26.150000000000237,117.55392144246119,497.5377299987007,93.88228213148697,1917.511644066336
26.200000000000237,117.48075792393807,499.0262314994912,94.27289633164928,1912.6952023029432
26.250000000000238,117.40290529522424,500.49792503506,94.66097110062725,1907.8903379305923
26.30000000000024,117.3204213127757,501.9527259608776,95.04647219312997,1903.0971938938328
26.35000000000024,117.23336428770313,503.3905532635441,95.42936591606369,1898.3159094862665
26.40000000000024,117.14179305355911,504.81132955576487,95.8096191357294,1893.5466203628011
26.45000000000024,117.04576693432574,506.2149810697713,96.18719928474144,1888.7894585533104
26.50000000000024,116.94534571262459,507.6014376492113,96.56207436866534,1884.0445524776678
26.550000000000242,116.84058959816996,508.97063273953415,96.93421297237377,1879.3120269621147
26.600000000000243,116.73155919648597,510.3225033768961,97.30358426611927,1874.59200325693
26.650000000000244,116.61831547790707,511.65699017561235,97.6701580113229,1869.8845990553627
26.700000000000244,116.50091974688097,512.9740373141838,98.03390456607808,1865.1899285137931
26.750000000000245,116.37943361159235,514.2735925199257,98.3947948903693,1860.5081022730828
26.800000000000246,116.25391895392498,515.5556070522281,98.75280055100508,1855.83922748108
26.850000000000247,116.12443789977907,516.8200356844752,99.10789372626559,1851.1834078162408
26.900000000000247,115.99105278975988,518.066836684656,99.46004721026459,1846.5407435123313
26.950000000000248,115.85382615025327,519.2959717946945,99.80923441702647,1841.9113313841715
27.00000000000025,115.71282066490268,520.507406208532,100.1554293842787,1837.295264854385
27.05000000000025,115.5680991465016,521.701108548991,100.49860677696051,1832.692633981119
27.10000000000025,115.41972450931479,522.8770508434542,100.83874189044883,1828.103525486694
27.15000000000025,115.26775974184075,524.0352084983894,101.17581065350251,1823.528022787152
27.20000000000025,115.11226788002722,525.1755602727527,101.50978963092629,1818.9662060226603
27.250000000000252,114.9533119809509,526.2980882503041,101.84065602595598,1814.4181520887407
27.300000000000253,114.79095509697163,527.402777810866,102.16838768236649,1809.8839346682826
27.350000000000254,114.62526025037086,528.4896176005603,102.49296308630468,1805.3636242643083
27.400000000000254,114.45629040848323,529.5585995010553,102.81436136784913,1800.8572882334533
27.450000000000255,114.28410845932967,530.6097185978568,103.13256230229882,1796.3649908201255
27.500000000000256,114.10877718775956,531.6429731476778,103.44754631119335,1791.8867931913098
27.550000000000257,113.93035925210883,532.6583645449178,103.75929446306705,1787.4227534719837
27.600000000000257,113.74891716138046,533.6558972872884,104.06778847393979,1782.972926781108
27.650000000000258,113.5645132529527,534.6355789406165,104.37301070754727,1778.5373652681615
27.70000000000026,113.37720967082018,535.5974201028603,104.6749441753137,1774.1161181501836
27.75000000000026,113.18706834437229,536.5414343673702,104.97357253607015,1769.7092317492948
27.80000000000026,112.99415096771229,537.4676382854299,105.26888009552161,1765.3167495306604
27.85000000000026,112.79851897952051,538.3760513281082,105.56085180546631,1760.9387121408674
27.90000000000026,112.60023354346411,539.2666958474587,105.8494732627707,1756.5751574466817
27.950000000000262,112.39935552915522,540.1395970370957,106.13473070810369,1752.2261205741563
28.000000000000263,112.19594549365893,540.9947828921835,106.41661102443393,1747.8916339480595
28.050000000000264,111.99006366355205,541.8322841688685,106.69510173529393,1743.5717273315927
28.100000000000264,111.78176991753269,542.6521343431874,106.97019100281491,1739.2664278663708
28.150000000000265,111.5711237695806,543.4543695694848,107.24186762553651,1734.9757601126341
28.200000000000266,111.35818435266754,544.2390286383695,107.51012103599533,1730.6997460896655
28.250000000000266,111.14301040301639,545.0061529342428,107.77494129809658,1726.4384053163856
28.300000000000267,110.92566024490732,545.7557863924291,108.03631910427325,1722.1917548520971
28.350000000000268,110.7061917760288,546.4879754559394,108.2942457724368,1717.959809337356
28.40000000000027,110.48466245337107,547.2027690318984,108.54871324272419,1713.7425810349393
28.45000000000027,110.26112927965872,547.9002184476642,108.79971407404554,1709.5400798708888
28.50000000000027,110.03564879031923,548.5803774066717,109.04724144043689,1705.3523134756038
28.55000000000027,109.8082770409835,549.2433019440264,109.29128912722294,1701.1792872249605
28.60000000000027,109.57906959551416,549.8890503818793,109.53185152699407,1697.0210042814347
28.650000000000272,109.3480815145572,550.5176832846099,109.76892363540269,1692.8774656352048
28.700000000000273,109.11536734461184,551.129263413845,110.00250104678332,1688.7486701452149
28.750000000000274,108.8809811076136,551.7238556833406,110.23257994960154,1684.6346145801756
28.800000000000274,108.6449762910248,552.3015271137534,110.45915712173627,1680.535293659482
28.850000000000275,108.4074058384269,552.862346787328,110.68222992560034,1676.4507000940307
28.900000000000276,108.16832214060824,553.4063858025255,110.9017963031044,1672.380824626914
28.950000000000276,107.92777702714108,553.9337172286185,111.11785477046865,1668.3256560739756
29.000000000000277,107.6858217584411,554.4444160602765,111.3304044128876,1664.285181364207
29.050000000000278,107.44250701830252,554.938559172166,111.53944487905261,1660.25938557997
29.10000000000028,107.19788290690182,555.4162252735898,111.74497637553709,1656.2482519970276
29.15000000000028,106.95199893426262,555.8774948631855,111.94699966104935,1652.251762124365
29.20000000000028,106.70490401417429,556.3224501837082,112.1455160405578,1648.2698957437897
29.25000000000028,106.45664645855668,556.7511751769181,112.34052735929369,1644.3026309492911
29.30000000000028,106.20727397226297,557.1637554385936,112.53203599663593,1640.34994418615
29.350000000000282,105.95683364831281,557.5602781736907,112.72004485988306,1636.411810289779
29.400000000000283,105.70537196354755,557.9408321516689,112.90455737791714,1632.4882025242864
29.450000000000284,105.45293477469926,558.3055076620034,113.08557749476435,1628.5790926207465
29.500000000000284,105.19956731486533,558.6543964699005,113.26310966305712,1624.6844508151662
29.550000000000285,104.94531419038007,558.9875917722369,113.43715883740259,1620.804245886137
29.600000000000286,104.69021937807481,559.3051881537385,113.60773046766202,1616.938445192161
29.650000000000286,104.4343262229179,559.6072815434167,113.77483049214597,1613.0870147086387
29.700000000000287,104.1776774360259,559.8939691712781,113.93846533072976,1609.2499190645135
29.750000000000288,103.92031509303729,560.1653495253244,114.09864187789398,1605.427121578558
29.80000000000029,103.66228063283988,560.4215223088565,114.25536749569453,1601.6185842952973
29.85000000000029,103.40361485664316,560.6625883980988,114.40865000666668,1597.8242680205599
29.90000000000029,103.14435792738672,560.8886498001564,114.55849768666775,1594.0441323566479
29.95000000000029,102.88454936947603,561.0998096113202,114.70491925766275,1590.2781357371193
30.00000000000029,102.62422806883657,561.2961719757326,114.84792388045733,1586.5262354611766
30.050000000000292,102.3634322732777,561.4778420444251,114.98752114738238,1582.7883877276538
30.100000000000293,102.1021995931573,561.6449259347414,115.12372107493464,1579.064547668598
30.150000000000293,101.84056700233852,561.7975306901563,115.25653409637737,1575.354669382437
30.200000000000294,101.57857083942986,561.9357642405018,115.38597105430527,1571.6587059667313
30.250000000000295,101.31624680929981,562.0597353626099,115.51204319317785,1567.9766095505038
30.300000000000296,101.05362998485755,562.1695536413831,115.63476215182496,1564.3083313261427
30.350000000000296,100.79075480909094,562.2653294313013,115.75413995592882,1560.6538215808762
30.400000000000297,100.52765509735343,562.3471738183733,115.87018901048614,1557.013029727812
30.450000000000298,100.26436403989133,562.4151985825422,115.98292209225421,1553.3859043365421
30.5000000000003,100.00091420460306,562.4695161605516,116.09235234218477,1549.7723931633082
30.5500000000003,99.73733754002212,562.5102396092807,116.19849325784926,1546.1724431807243
30.6000000000003,99.47366537851545,562.5374825695542,116.30135868585914,1542.5860006070588
30.6500000000003,99.20992843968916,562.5513592304347,116.40096281428455,1539.0130109350691
30.7000000000003,98.94615683399364,562.5519842940018,116.49732016507521,1535.4534189603914
30.750000000000302,98.68238006651984,562.5394729406246,116.59044558648645,1531.9071688094825
30.800000000000303,98.41862704097923,562.5139407947322,116.68035424551405,1528.374203967114
30.850000000000303,98.15492606385946,562.475503891087,116.76706162034085,1524.8544673034185
30.900000000000304,97.8913048487483,562.4242786415642,116.85058349279852,1521.3479011004856
30.950000000000305,97.62779052081817,562.3603818024427,116.9309359408473,1517.8544470785125
31.000000000000306,97.36440962146402,562.2839304422087,117.008135331077,1514.3740464215032
31.050000000000306,97.10118811308732,562.195041909877,117.08219831123183,1510.9066398025234
31.100000000000307,96.83815138401886,562.0938338038316,117.15314180276232,1507.452167408507
31.150000000000308,96.5753242535735,561.9804239411869,117.2209829934067,1504.0105689646189
31.20000000000031,96.31273097723,561.8549303276737,117.28573932980467,1500.5817837581726
31.25000000000031,96.05039525192905,561.7174711280487,117.34742851014613,1497.1657506621066
31.30000000000031,95.78834022148297,561.5681646370307,117.40606847685729,1493.7624081580202
31.35000000000031,95.52658848209062,561.4071292507633,117.46167740932677,1490.3716943587706
31.40000000000031,95.2651620879511,561.2344834388049,117.51427371667397,1486.9935470306336
31.450000000000312,95.00408255697003,561.0503457166459,117.56387603056204,1483.6279036150315
31.500000000000313,94.74337087655242,560.8548346187531,117.61050319805769,1480.2747012498282
31.550000000000313,94.48304750947597,560.6480686721409,117.65417427453993,1476.933876790197
31.600000000000314,94.22313239983933,560.4301663704682,117.6949085166599,1473.6053668290626
31.650000000000315,93.96364497907933,560.2012461486609,117.73272537535375,1470.28910771712
31.700000000000315,93.70460417205177,559.9614263580569,117.76764448891049,1466.9850355824337
31.750000000000316,93.44602840317046,559.7108252420741,117.79968567609663,1463.6930863496218
31.800000000000317,93.18793560259907,559.4495609123984,117.82886892933944,1460.4131957586264
31.850000000000318,92.93034321249091,559.1777513256897,117.85521440797054,1457.1452993830758
31.90000000000032,92.67326819327138,558.8955142608039,117.87874243153145,1453.8893326482403
31.95000000000032,92.41672702995845,558.6029672965286,117.89947347314255,1450.6452308485873
32.00000000000032,92.1607357385164,558.3002277898288,117.91742815293713,1447.4129291649376
32.05000000000032,91.90530987223815,557.987412854601,117.93262723156187,1444.1923626812293
32.100000000000314,91.65046452815199,557.6646393409314,117.94509160374494,1440.9834664008904
32.15000000000031,91.39621435344797,557.332023814856,117.95484229193343,1437.7861752628269
32.20000000000031,91.1425735519203,556.9896825386174,117.9619004400008,1434.60042415703
32.250000000000306,90.88955589042116,556.6377314514168,117.96628730702595,1431.4261479398049
32.3000000000003,90.63717470532255,556.2762861506556,117.96802426114469,1428.2632814486283
32.3500000000003,90.38544290898184,555.9054618736632,117.96713277347492,1425.1117595166372
32.4000000000003,90.13437299620783,555.5253734799074,117.96363441211615,1421.9715169867538
32.450000000000294,89.88397705072347,555.136135433682,117.95755083622461,1418.8424887254519
32.50000000000029,89.6342667516219,554.7378617872679,117.94890379016452,1415.7246096361678
32.55000000000029,89.38525337981255,554.3306661645628,117.93771509773644,1412.6178146723626
32.600000000000286,89.13694782445417,553.9146617451755,117.9240066564834,1409.522038850238
32.65000000000028,88.88936058937146,553.4899612489793,117.90780043207543,1406.437217261112
32.70000000000028,88.64250179945277,553.0566769211189,117.88911845277325,1403.363285083459
32.75000000000028,88.39638120702564,552.6149205174684,117.86798280397139,1400.3001775946186
32.800000000000274,88.15100819820769,552.1648032905316,117.8444156228216,1397.247830182178
32.85000000000027,87.90639179923025,551.7064359757832,117.8184390929367,1394.2061783550325
32.90000000000027,87.66254068273203,551.2399287784423,117.79007543917538,1391.1751577541306
32.950000000000266,87.41946317402068,550.7653913606753,117.75934692250841,1388.1547041629055
33.00000000000026,87.1771672572998,550.2829328292214,117.72627583496633,1385.1447535174007
33.05000000000026,86.93566058185921,549.792661723436,117.69088449466902,1382.145241916092
33.10000000000026,86.69495046822647,549.2946860037458,117.65319524093738,1379.1561056294133
33.150000000000254,86.45504391427757,548.7891130405102,117.61323042948716,1376.1772811089895
33.20000000000025,86.21594760130496,548.276049603284,117.57101242770509,1373.2087049965803
33.25000000000025,85.97766790004106,547.755601850475,117.52656361000747,1370.250314132742
33.300000000000246,85.74021087663553,547.2278753193905,117.47990635328114,1367.3020455652102
33.35000000000024,85.50358229858483,546.692974916668,117.43106303240681,1364.3638365570098
33.40000000000024,85.26778764061226,546.1510049090837,117.38005601586482,1361.4356245942956
33.45000000000024,85.03283209049724,545.6020689147324,117.32690766142306,1358.5173473939278
33.500000000000234,84.7987205548525,545.0462698945747,117.2716403119071,1355.6089429107901
33.55000000000023,84.56545766484759,544.4837101443435,117.21427629105222,1352.7103493448508
33.60000000000023,84.33304778187792,543.9144912868055,117.15483789943713,1349.8215051479756
33.650000000000226,84.10149500317786,543.3387142643716,117.09334741049938,1346.9423490304937
33.70000000000022,83.87080316737696,542.7564793320493,117.02982706663181,1344.072819967523
33.75000000000022,83.64097585999843,542.1678860507329,116.96429907536009,1341.2128572050597
33.80000000000022,83.41201641889873,541.5730332808246,116.89678560560075,1338.3624002658353
33.850000000000215,83.18392793964762,540.97201917618,116.82730878399951,1335.5213889549461
33.90000000000021,82.9567132808478,540.3649411783742,116.75589069134946,1332.689763365261
33.95000000000021,82.73037506939346,539.7518960112807,116.68255335908863,1329.867463882608
34.000000000000206,82.50491570566707,539.132979675958,116.60731876587653,1327.0544311907508
34.0500000000002,82.28033736867386,538.5082874458391,116.53020883424924,1324.250606276151
34.1000000000002,82.05664202111335,537.8779138622157,116.45124542735246,1321.4559304325278
34.1500000000002,81.83383141438765,537.2419527300142,116.37045034575206,1318.6703452652152
34.200000000000195,81.61190709354592,536.6004971138559,116.28784532432155,1315.8937926953229
34.25000000000019,81.39087040216477,535.9536393343963,116.20345202920592,1313.1262149637028
34.30000000000019,81.17072248716411,535.3014709649375,116.11729205486124,1310.3675546347279
34.350000000000186,80.95146430355852,534.6440828283097,116.02938692116948,1307.6177545998864
34.40000000000018,80.73309661914347,533.9815649940131,115.9397580706278,1304.8767580811948
34.45000000000018,80.5156200191166,533.3140067756178,115.84842686561186,1302.1445086344331
34.50000000000018,80.29903491063376,532.641496728415,115.75541458571213,1299.4209501522098
34.550000000000175,80.08334152729984,531.9641226473125,115.66074242514304,1296.7060268668554
34.60000000000017,79.86853993359414,531.2819715649728,115.56443149022378,1293.9996833531516
34.65000000000017,79.65463002923056,530.5951297501841,115.46650279693029,1291.3018645308996
34.700000000000166,79.44161155345247,529.9036827064626,115.36697726851774,1288.6125156673304
34.75000000000016,79.22948408926237,529.2077151708779,115.26587573321264,1285.9315823793613
34.80000000000016,79.01824706758649,528.5073111130987,115.16321892197386,1283.2590106357013
34.85000000000016,78.80789977137441,527.8025537346518,115.05902746632191,1280.594746758811
34.900000000000155,78.59844133963401,527.0935254683909,114.95332189623554,1277.9387374267183
34.95000000000015,78.38987077140177,526.3803079781683,114.846122638115,1275.2909296746946
35.00000000000015,78.1821869296489,525.6629821587061,114.73745001281115,1272.6512708967953
35.050000000000146,77.97538854512327,524.9416281356616,114.62732423371953,1270.0197088472662
35.10000000000014,77.76947422012773,524.2163252658813,114.51576540493872,1267.3961916418211
35.15000000000014,77.56444243223498,523.4871521378392,114.40279351949208,1264.7806677587932
35.20000000000014,77.36029153793936,522.754186572255,114.28842845761204,1262.1730860401626
35.250000000000135,77.15701977624595,522.0175056228868,114.17268998508625,1259.5733956924646
35.30000000000013,76.95462527219732,521.277185577494,114.05559775166451,1256.9815462875802
35.35000000000013,76.75310604033852,520.5333019589661,113.93717128952588,1254.3974877634143
35.40000000000013,76.55245998812048,519.785929526612,113.81743001180502,1251.821170424462
35.450000000000124,76.35268491924242,519.035142277606,113.69639321117687,1249.2525449422674
35.50000000000012,76.15377853693384,518.2810134485868,113.57408005849899,1246.6915623557775
35.55000000000012,75.95573844717634,517.5236155174032,113.45050960151048,1244.1381740715947
35.600000000000115,75.75856216186598,516.763020205004,113.32570076358672,1241.5923318641294
35.65000000000011,75.56224710191658,515.9992984774675,113.19967234254929,1239.0539878756563
35.70000000000011,75.36679060030457,515.2325205481659,113.07244300952976,1236.5230946162776
35.75000000000011,75.17218990505584,514.4627558800605,112.94403130788697,1233.9996049637946
35.800000000000104,74.97844218217531,513.690073188125,112.81445565217659,1231.4834721634913
35.8500000000001,74.78554451851954,512.9145404418911,112.68373432717226,1228.9746498278325
35.9000000000001,74.5934939246133,512.1362248681137,112.55188548693752,1226.4730919360775
35.950000000000095,74.40228733741031,511.35519295355164,112.41892715394746,1223.9787528338143
36.00000000000009,74.21192162299909,510.57151044786,112.28487721825947,1221.491587232415
36.05000000000009,74.02239357925427,509.7852423665905,112.14975343673204,1219.0115502084152
36.10000000000009,73.83369993843417,508.996452994296,112.01357343229098,1216.53859720282
36.150000000000084,73.64583736972511,508.205205887736,111.87635469324198,1214.0726840203383
36.20000000000008,73.45880248173323,507.41156387917925,111.73811457262879,1211.6137668285487
36.25000000000008,73.27259182492426,506.6155890798004,111.59887028763625,1209.161802156998
36.300000000000075,73.08720189401217,505.81734288316653,111.45863891903713,1206.7167468962357
36.35000000000007,72.902629130297,505.01688596881144,111.3174374106822,1204.2785582967854
36.40000000000007,72.71886992395278,504.21427830589306,111.17528256903248,1201.8471939680558
36.45000000000007,72.53592061626608,503.40957915693195,111.03219106273295,1199.422611877194
36.500000000000064,72.35377750182586,502.6028470816271,110.88817942222697,1197.0047703478813
36.55000000000006,72.17243683066525,501.79413994074594,110.74326403941042,1194.5936280590756
36.60000000000006,71.99189481035597,500.9835149000859,110.59746116732492,1192.189144043701
36.650000000000055,71.81214760805602,500.1710284345042,110.45078691988927,1189.7912776872856
36.70000000000005,71.63319135251126,499.35673633201316,110.30325727166824,1187.3999887265531
36.75000000000005,71.45502213601159,498.54069369793814,110.15488805767806,1185.0152372479647
36.80000000000005,71.27763601630244,497.7229549591351,110.00569497322773,1182.6369836862166
36.850000000000044,71.10102901845202,496.9035738682656,109.8556935737954,1180.265188822695
36.90000000000004,70.92519713667528,496.08260350812577,109.70489927493904,1177.8998137838885
36.95000000000004,70.75013633611495,495.26009629602737,109.55332735224063,1175.540820039759
37.000000000000036,70.57584255458056,494.436103988228,109.40099294128323,1173.188169402077
37.05000000000003,70.4023117042459,493.6106776844078,109.24791103765997,1170.8418240227168
37.10000000000003,70.22953967330567,492.7838678321907,109.09409649701433,1168.5017463919182
37.15000000000003,70.05752232759193,491.9557242317072,108.93956403511109,1166.1678993365138
37.200000000000024,69.88625551215107,491.12629604019696,108.78432822793698,1163.8402460181223
37.25000000000002,69.71573505278178,490.2956317766481,108.62840351183056,1161.5187499313136
37.30000000000002,69.54595675753485,489.4637793264721,108.4718041836404,1159.2033749017412
37.350000000000016,69.37691641817527,488.63078594621055,108.31454440091102,1156.894085084249
37.40000000000001,69.20860981160732,487.79669826827353,108.15663818209583,1154.5908449609483
37.45000000000001,69.04103270126336,486.9615623057056,107.99809940679636,1152.293619339272
37.50000000000001,68.87418083845678,486.1254234569788,107.83894181602713,1150.0023733500025
37.550000000000004,68.70804996369988,485.2883265108098,107.67917901250559,1147.7170724452762
37.6,68.54263580798712,484.4503156509996,107.51882446096616,1145.4376823965683
37.65,68.37793409404458,483.6114344612942,107.35789148849814,1143.164169292654
37.699999999999996,68.21394053754594,482.7717259302635,107.19639328490652,1140.8964995375516
37.74999999999999,68.05065084829592,481.9312324561974,107.03434290309515,1138.634639848448
37.79999999999999,67.88806073138137,481.0899958520172,106.87175325947172,1136.3785572536042
37.84999999999999,67.72616588829102,480.2480573502001,106.7086371343738,1134.128219090247
37.899999999999984,67.56496201800407,479.405457607716,106.54500717251548,1131.883593002444
37.94999999999998,67.40444481804852,478.562236710974,106.38087588345381,1129.6446469389648
37.99999999999998,67.24460998552958,477.71843418077765,106.21625564207464,1127.4113491511287
38.049999999999976,67.08545321812886,476.8740889772873,106.05115868909719,1125.1836681906398
38.09999999999997,66.92697021507483,476.0292395049878,105.88559713159674,1122.961572907412
38.14999999999997,66.76915667808508,475.1839236176606,105.71958294354494,1120.7450324473814
38.19999999999997,66.61200831228103,474.3381786233578,105.55312796636711,1118.5340162503114
38.249999999999964,66.4555208270755,473.49204128937834,105.38624390951615,1116.3284940475874
38.29999999999996,66.29968993703368,472.6455478472433,105.2189423510622,1114.1284358600033
38.34999999999996,66.14451136270819,471.79873399767024,105.05123473829782,1111.9338119955432
38.399999999999956,65.9899808314485,470.95163491554484,104.88313238835806,1109.7445930471545
38.44999999999995,65.83609407818547,470.1042852548884,104.71464648885488,1107.5607498905163
38.49999999999995,65.68284684619123,469.2567191538204,104.54578809852536,1105.3822536818034
38.54999999999995,65.53023488781518,468.4089702395149,104.37656814789341,1103.2090758554455
38.599999999999945,65.37825396519648,467.561071633149,104.20699743994419,1101.0411881218838
38.64999999999994,65.22689985095343,466.7130559548438,104.03708665081106,1098.8785624653244
38.69999999999994,65.07616832885036,465.8649553285946,103.86684633047437,1096.72117114149
38.749999999999936,64.92605519444243,465.01680138719155,103.6962869034717,1094.56898667537
38.79999999999993,64.7765562556988,464.1686252771281,103.5254186696191,1092.4219818589704
38.84999999999993,64.62766733360468,463.32045766349717,103.3542518047429,1090.280129749063
38.89999999999993,64.47938426274263,462.4723287348738,103.1827963614216,1088.1434036649357
38.949999999999925,64.33170289185362,461.62426820818354,103.01106226973741,1086.011777186143
38.99999999999992,64.1846190843783,460.7763053335552,102.8390593380371,1083.885224150259
39.04999999999992,64.03812871897878,459.92846889915796,102.66679725370163,1081.7637186506324
39.099999999999916,63.8922276900416,459.0807872360216,102.4942855839242,1079.6472350341435
39.14999999999991,63.74691190816198,458.2332882228385,102.32153377649634,1077.5357478989652
39.19999999999991,63.602177300610066,457.3859992907478,102.14855116060167,1075.4292320923273
39.24999999999991,63.458019811779394,456.5389474281001,101.97534694761681,1073.327662708285
39.299999999999905,63.314435403618,455.69215918520223,101.80193023191926,1071.231015085492
39.3499999999999,63.171420056042635,454.8456606790418,101.62830999170168,1069.1392648049778
39.3999999999999,63.0289697673364,453.99947759799005,101.45449508979245,1067.0523876879329
39.449999999999896,62.88708055453022,453.15363520648316,101.2804942744818,1064.970359793497
39.49999999999989,62.745748453768506,452.3081583496812,101.1063161803536,1062.8931574165551
39.54999999999989,62.60496952065939,451.4630714581038,100.93196932912213,1060.8207570855402
39.59999999999989,62.46473983060989,450.61839855224235,100.75746213047356,1058.753135560242
39.649999999999885,62.32505547914637,449.7741632471483,100.58280288291203,1056.690269829625
39.69999999999988,62.185912582220595,448.9303887569963,100.40799977460972,1054.632137109652
39.74999999999988,62.0473072765018,448.08709789962285,100.23306088426075,1052.5787148411164
39.799999999999876,61.90923571965504,447.2443131010389,100.05799418193864,1050.5299806874848
39.84999999999987,61.771694090606225,446.40205639991666,99.88280752995692,1048.4859125327455
39.89999999999987,61.63467858979407,445.5603494520497,99.70750868373271,1046.4464884792676
39.94999999999987,61.49818543940937,444.7192135347865,99.53210529265287,1044.411686845669
39.999999999999865,61.362210883621835,443.87866955143653,99.35660490094257,1042.3814861646938
40.04999999999986,61.226751188794886,443.0387380356487,99.18101494853592,1040.3558651810997
40.09999999999986,61.091802643688624,442.19943915576187,99.00534277194838,1038.334802849556
40.14999999999986,60.9573615596513,441.360792719127,98.82959560515081,1036.31827833255
40.199999999999854,60.8234242707996,440.52281817640073,98.65378058044482,1034.3062709983076
40.24999999999985,60.68998713418803,439.68553462580996,98.47790472933907,1032.2987604187194
40.29999999999985,60.557046529967614,438.8489608173872,98.30197498342662,1030.2957263672831
40.349999999999845,60.42459886153426,438.01311515717646,98.1259981752626,1028.2971488170535
40.39999999999984,60.29264055566702,437.1780157114095,97.94998103924249,1026.3030079386056
40.44999999999984,60.16116806265657,436.3436802106519,97.77393021248041,1024.3132840980081
40.49999999999984,60.03017785642404,435.51012605391907,97.59785223568736,1022.3279578548103
40.549999999999834,59.89966643463059,434.67737031276187,97.42175355404918,1020.3470099600385
40.59999999999983,59.769630318777885,433.8454297353216,97.24564051810405,1018.3704213542068
40.64999999999983,59.64006605429979,433.0143207503543,97.06951938461931,1016.3981731653388
40.699999999999825,59.510970210645425,432.18405947122386,96.89339631746729,1014.4302467070017
40.74999999999982,59.382339381353944,431.3546616998645,96.71727738850024,1012.4666234763536
40.79999999999982,59.254170184121115,430.5261429307116,96.54116857842386,1010.5072851522023
40.84999999999982,59.12645926085807,429.69851835460145,96.36507577766953,1008.5522135930781
40.899999999999814,58.99920327774238,428.87180286263936,96.18900478726478,1006.6013908353187
40.94999999999981,58.872398925261635,428.0460110500365,96.01296131970214,1004.6547990911668
40.99999999999981,58.74604291824981,427.2211572199148,95.83695099980599,1002.7124207468811
41.049999999999805,58.62013199591662,426.3972553870802,95.66097936559729,1000.7742383608612
41.0999999999998,58.494662921869974,425.5743192817642,95.48505186915611,998.8402346617843
41.1499999999998,58.36963248413184,424.7523623533336,95.30917387748175,996.910392546756
41.1999999999998,58.245037495147706,423.9313977739681,95.13335067335034,994.9846950794747
41.249999999999794,58.120874791789696,423.11143844230634,94.95758745616963,993.0631254884087
41.29999999999979,57.99714123535374,422.29249698705956,94.78188934283122,991.1456671649876
41.34999999999979,57.873833711550745,421.47458577059365,94.60626136855957,989.2323036618069
41.399999999999785,57.75094913049218,420.6577168924791,94.43070848775814,987.3230186908463
41.44999999999978,57.62848442667004,419.84190219300876,94.25523557485218,985.4177961217017
41.49999999999978,57.50643655893153,419.0271532566842,94.07984742512836,983.5166199798305
41.54999999999978,57.3848025104485,418.21348141566926,93.90454875557081,981.6194744448115
41.599999999999774,57.2635792886819,417.4008977532126,93.72934420569376,979.7263438486181
41.64999999999977,57.14276392534135,416.58941310703756,93.5542383383704,977.8372126739048
41.69999999999977,57.022353476339994,415.7790380727008,93.37923564065811,975.9520655523088
41.749999999999766,56.902345021744836,414.9697830069187,93.20434052461978,974.0708872627645
41.79999999999976,56.78273566572262,414.16165803086227,93.02955732814118,972.1936627298318
41.84999999999976,56.663522536481494,413.3546730334201,92.8548903157443,970.3203770220391
41.89999999999976,56.544702786208546,412.5488376744302,92.68034367939657,968.4510153502396
41.949999999999754,56.42627359100333,411.7441613878797,92.50592153931589,966.5855630659811
41.99999999999975,56.308232150807605,410.9406533850736,92.33162794477133,964.7240056598911
42.04999999999975,56.190575689331325,410.1383226577715,92.15746687487946,962.8663287600741
42.099999999999746,56.073301453975084,409.33717798129413,91.98344223939625,961.0125181305242
42.14999999999974,55.956406715749075,408.5372279175976,91.80955787950448,959.1625596695503
42.19999999999974,55.83988876918876,407.7384808183171,91.63581756859648,957.3164394082166
42.24999999999974,55.72374493226731,406.9409448277797,91.46222501305228,955.4741435087956
42.299999999999734,55.60797254630497,406.14462788598604,91.28878385301307,953.6356582632357
42.34999999999973,55.49256897587546,405.3495377315616,91.1154976631498,951.8009700916422
42.39999999999973,55.377531608709475,404.55568190467704,90.94236995342699,949.9700655407727
42.449999999999726,55.262857855595534,403.76306774993833,90.76940416986169,948.1429312825453
42.49999999999972,55.14854515027807,402.9717024192464,90.59660369527741,946.3195541125615
42.54999999999972,55.03459094935307,402.1815928746267,90.42397185005316,944.4999209486418
42.59999999999972,54.92099273216125,401.3927458910284,90.25151189286738,942.684018829376
42.649999999999714,54.80774800067893,400.60516805909424,90.07922702143682,940.8718349126859
42.69999999999971,54.694854279406584,399.81886578789994,89.90712037325032,939.063356474403
42.74999999999971,54.58230911525538,399.0338453076646,89.7351950262974,937.2585709068582
42.799999999999706,54.47011007743155,398.2501126724311,89.56345399979165,935.4574657174859
42.8499999999997,54.35825475731891,397.4676737627177,89.3919002548889,933.6600285274417
42.8999999999997,54.24674076835942,396.68653428814014,89.22053669540017,931.8662470702325
42.9499999999997,54.135565745932034,395.90669979000484,89.04936616849925,930.0761091903611
42.999999999999694,54.02472734722977,395.1281756438734,88.87839146542503,928.2896028419831
43.04999999999969,53.91422325113526,394.3509670620985,88.7076153221784,926.5067160875775
43.09999999999969,53.80405115809468,393.575079096331,88.53704042021391,924.7274370966304
43.149999999999686,53.69420878999027,392.80051663999916,88.36666938712591,922.9517541443317
43.19999999999968,53.58469389001143,392.0272844307595,88.19650479732937,921.179655610285
43.24999999999968,53.47550422252454,391.25538705291973,88.02654917273519,919.41112997723
43.29999999999968,53.36663757294153,390.4848289398342,87.85680498342018,917.6461658297789
43.349999999999675,53.258091747587244,389.7156143762713,87.68727464829145,915.8847518531641
43.39999999999967,53.149864573565765,388.9477475007539,87.51796053574546,914.1268768320001
43.44999999999967,53.04195389862564,388.1812323078725,87.34886496432146,912.3725296490574
43.499999999999666,52.9343575910242,387.4160726505711,87.17999020334959,910.6216992840489
43.54999999999966,52.827073539390895,386.6522722424066,87.01133847359333,908.8743748124293
43.59999999999966,52.72009965258983,385.88983465978134,86.84291194788653,907.1305454042073
43.64999999999966,52.61343385958152,385.1287633441495,86.67471275176497,905.3902003227688
43.699999999999655,52.50707410928388,384.3690616041967,86.50674296409233,903.6533289237144
43.74999999999965,52.40101837043253,383.6107326179943,86.33900461768067,901.9199206537079
43.79999999999965,52.29526463144055,382.85377943512714,86.17149969990545,900.189965049337
43.849999999999646,52.18981090025759,382.0982049787961,86.00423015331499,898.4634517359872
43.89999999999964,52.084655204228476,381.34401204789503,85.83719787623446,896.7403704267263
43.94999999999964,51.97979558995141,380.59120331906234,85.67040472336429,895.0207109212021
43.99999999999964,51.87523012313566,379.83978134870773,85.50385250637324,893.3044631045516
44.049999999999635,51.770956888458954,379.08974857501397,85.33754299448579,891.5916169463217
44.09999999999963,51.666973989424534,378.341107319914,85.17147791506423,889.8821624994018
44.14999999999963,51.563279548217885,377.5938597910434,85.00565895418515,888.1760898989689
44.199999999999626,51.45987170556327,376.8480080836693,84.8400877572105,886.4733893614427
44.24999999999962,51.35674862058008,376.1035541825941,84.67476592935323,884.7740511834538
44.29999999999962,51.253908470638976,375.36049996403636,84.50969503623749,883.0780657408221
44.34999999999962,51.151349451217975,374.61884719748764,84.34487660445336,881.3854234875477
44.399999999999615,51.04906977575843,373.87859754754584,84.1803121221062,879.6961149548115
44.44999999999961,50.94706767552097,373.13975257572525,84.01600303936063,878.010130749989
44.49999999999961,50.84534139944142,372.40231374224396,83.85195076897905,876.3274615556735
44.549999999999606,50.74388921398683,371.66628240778783,83.68815668685492,874.648098128711
44.5999999999996,50.642709403011466,370.93165983525245,83.52462213254057,872.972031299246
44.6499999999996,50.54180026761295,370.1984471914621,83.36134840976975,871.2992519697785
44.6999999999996,50.44116012598855,369.4666455488669,83.19833678697488,869.6297511142308
44.749999999999595,50.340787313291614,368.7362558872178,83.035588497799,867.9635197770259
44.79999999999959,50.24068018148815,368.0072790952196,82.87310474160243,866.3005490721765
44.84999999999959,50.14083709921371,367.2797159721625,82.71088668396425,864.6408301823836
44.89999999999959,50.04125645163045,366.55356722953223,82.54893545717846,862.9843543581467
44.949999999999584,49.94193664028452,365.828833492599,82.38725216074506,861.3311129168833
44.99999999999958,49.842876082963684,365.10551530198524,82.22583786185588,859.6810972420596
45.04999999999958,49.74407321355536,364.38361311521254,82.06469359587526,858.0342987823309
45.099999999999575,49.64552648190493,363.66312730822824,81.90382036681564,856.3907090506915
45.14999999999957,49.54723435367445,362.9440581769113,81.74321914780805,854.7503196236362
45.19999999999957,49.44919531020177,362.22640593855823,81.58289088156748,853.1131221403301
45.24999999999957,49.3514078483601,361.51017073334845,81.42283648085328,851.4791083017892
45.299999999999564,49.253870480417895,360.7953526257906,81.26305682892443,849.8482698700703
45.34999999999956,49.156581733899365,360.08195160614855,81.10355277998998,848.2205986674711
45.39999999999956,49.05954015144535,359.3699675918483,80.94432515965435,846.5960865757389
45.449999999999555,48.96274429067473,358.6594004288656,80.78537476535784,844.9747255352903
45.49999999999955,48.86619272404636,357.95024989309434,80.62670236681213,843.3565075444387
45.54999999999955,48.769884038721514,357.2425156916964,80.46830870643095,841.7414246586325
45.59999999999955,48.67381683642693,356.5361974644325,80.31019449975592,840.1294689897013
45.649999999999544,48.57798973331836,355.83129478497494,80.15236043587758,838.5206327051128
45.69999999999954,48.48240135984475,355.1278071622016,79.99480717785151,836.9149080272373
45.74999999999954,48.387050360613,354.42573404147214,79.8375353631099,835.3122872326219
45.799999999999535,48.29193539425334,353.72507480588655,79.6805456038682,833.7127626512738
45.84999999999953,48.19705513328534,353.0258287775253,79.52383848752723,832.116326665952
45.89999999999953,48.102408263984536,352.32799521867264,79.36741457707052,830.5229717114681
45.94999999999953,48.00799348624976,351.631573333022,79.21127441145708,828.9326902739957
45.999999999999524,47.913809513471065,350.93656226686477,79.05541850600956,827.345474890388
46.04999999999952,47.819855072398404,350.2429611102616,78.8998473527978,825.7613181475045
46.09999999999952,47.72612890301092,349.5507688981973,78.74456142101796,824.1802126815461
46.149999999999515,47.632629758386976,348.8599846117189,78.589561157367,822.6021511773978
46.19999999999951,47.53935640457494,348.17060717905736,78.43484698641282,821.0271263679807
46.24999999999951,47.44630762046456,347.4826354767329,78.2804193109599,819.4551310336117
46.29999999999951,47.353482197659204,346.79606833064474,78.12627851241056,817.8861580013707
46.349999999999504,47.26087894034876,346.1109045171441,77.97242495112187,816.3202001444774
46.3999999999995,47.168496665183284,345.42714276409225,77.81885896675814,814.7572503816743
46.4499999999995,47.076334201147425,344.7447817519028,77.66558087863928,813.197301676619
46.499999999999496,46.98439038943561,344.0638201145683,77.51259098608467,811.6403470372829
46.54999999999949,46.89266408332796,343.384256440672,77.35988956875308,810.0863795153596
46.59999999999949,46.80115414806703,342.7060892743847,77.20747688697804,808.5353922056786
46.64999999999949,46.70985946073528,342.02931711644607,77.05535318209941,806.9873782456283
46.699999999999484,46.61877891013338,341.3539384251322,76.90351867679054,805.442330814586
46.74999999999948,46.52791139665926,340.6799516172079,76.75197357538148,803.9002431333547
46.79999999999948,46.43725583218801,340.007355068865,76.60071806417811,802.3611084636084
46.849999999999476,46.34681113995249,339.33614711664643,76.44975231177719,800.8249201073436
46.89999999999947,46.25657625442489,338.6663260583561,76.29907646937747,799.2916714063385
46.94999999999947,46.166550121198945,337.9978901539552,76.14869067108684,797.7613557416196
46.99999999999947,46.07673169687307,337.33083762644463,75.9985950342255,796.2339665329342
47.049999999999464,45.987119948934264,336.66516666273384,75.84878965962534,794.7094972382314
47.09999999999946,45.89771385564287,336.00087541449653,75.69927463192535,793.1879413531487
47.14999999999946,45.808512405918115,335.33796199901286,75.55005001986328,791.6692924105065
47.199999999999456,45.7195145992245,334.6764244999988,75.40111587656352,790.1535439798082
47.24999999999945,45.63071944545904,334.01626096842244,75.25247223982119,788.6406896667479
47.29999999999945,45.54212596483929,333.3574694233077,75.10411913238251,787.1307231127245
47.34999999999945,45.45373318779224,332.70004785252524,74.95605656222153,785.6236379943617
47.399999999999444,45.36554015484403,332.0439942135711,74.80828452281318,784.1194280230359
47.44999999999944,45.27754591651049,331.3893064343331,74.66080299340268,782.6180869444086
47.49999999999944,45.18974953318857,330.7359824138446,74.51361193927143,781.1196085379665
47.549999999999436,45.10215007504851,330.0840200230272,74.36671131199925,779.6239866165679
47.59999999999943,45.01474662192697,329.4334171054205,74.22010104972328,778.1312150259939
47.64999999999943,44.92753826322088,328.78417147790105,74.07378107739318,776.6412876445077
47.69999999999943,44.84052409778223,328.1362809313892,73.92775130702304,775.154198382418
47.749999999999424,44.753703233813624,327.48974323154476,73.78201163793986,773.6699411816502
47.79999999999942,44.667074788764744,326.84455611945134,73.63656195702853,772.1885100153216
47.84999999999942,44.58063788922957,326.2007173122896,73.49140213897364,770.7098988873246
47.899999999999416,44.49439167084452,325.5582245039993,73.34653204649783,769.2341018319136
47.94999999999941,44.40833527818738,324.91707536593094,73.20195153059693,767.7611129132991
47.99999999999941,44.32246786467709,324.27726754748596,73.05766043077185,766.2909262252472
48.04999999999941,44.23678859247433,323.63879867674723,72.9136585752572,764.8235358906836
48.099999999999405,44.151296632383044,323.00166636109833,72.76994578124682,763.3589360613049
48.1499999999994,44.065991163752635,322.3658681878331,72.62652185511607,761.8971209171939
48.1999999999994,43.98087137438115,321.73140172475445,72.48338659264103,760.4380846664408
48.249999999999396,43.89593646041921,321.0982645207636,72.34053977921467,758.9818215447701
48.29999999999939,43.81118562627477,320.46645410643924,72.19798119005988,757.5283258151726
48.34999999999939,43.726618084518755,319.83596799460656,72.0557105904395,756.0775917675419
48.39999999999939,43.64223305579147,319.2068036808972,71.91372773586345,754.6296137183172
48.449999999999385,43.558029768709865,318.5789586442993,71.77203237229273,753.1843860101304
48.49999999999938,43.47400745977559,317.95243034769794,71.63062423634065,751.7419030114588
48.54999999999938,43.39016537328393,317.327216238407,71.48950305547112,750.3021591162822
48.599999999999376,43.30650276123346,316.703313748691,71.34866854819397,748.865148743745
48.64999999999937,43.22301888323661,316.08072029627834,71.20812042425764,747.4308663378239
48.69999999999937,43.13971300643098,315.45943328486567,71.06785838483886,745.9993063669997
48.74999999999937,43.05658440539147,314.83945010461315,70.92788212272966,744.5704633239338
48.799999999999365,42.97363236204324,314.22076813263124,70.78819132252168,743.1443317251501
48.84999999999936,42.89085616557547,313.60338473345894,70.64878566078765,741.7209061107205
48.89999999999936,42.808255112355866,312.9872972595333,70.50966480626029,740.300181043956
48.949999999999356,42.72582850584603,312.3725030516509,70.37082842000848,738.8821511111015
48.99999999999935,42.64357565651759,311.7589994394208,70.23227615561086,737.466810921036
49.04999999999935,42.56149588176911,311.14678374170956,70.09400765932682,736.054155104976
49.09999999999935,42.479588505843815,310.53585326707827,69.95602257026493,734.6441783161846
49.149999999999345,42.39785285974804,309.9262053142115,69.81832052054882,733.2368752296837
49.19999999999934,42.31628828117055,309.3178371723384,69.68090113548055,731.8322405419715
49.24999999999934,42.234894114402536,308.7107461216466,69.54376403370154,730.4302689707431
49.299999999999336,42.15366971025845,308.10492943368786,69.40690882735097,729.0309552546165
49.34999999999933,42.07261442599757,307.50038437177665,69.27033512222191,727.6342941528619
49.39999999999933,41.99172762524636,306.8971081913812,69.13404251791482,726.240280445135
49.44999999999933,41.911008677921544,306.29509814050755,68.99803060798897,724.8489089312147
49.499999999999325,41.83045696015397,305.69435146007584,68.86229898011123,723.4601744307447
49.54999999999932,41.750071854213225,305.09486538429013,68.72684721620283,722.0740717829788
49.59999999999932,41.66985274843299,304.4966371410009,68.59167489258357,720.69059584653
49.64999999999932,41.589799037137105,303.89966395206096,68.45678158011401,719.3097414991238
49.699999999999314,41.509910120566445,303.30394303367405,68.32216684433526,717.931503637355
49.74999999999931,41.43018540480646,302.70947159673744,68.18783024560662,716.5558771764482
49.79999999999931,41.350624301715484,302.1162468471774,68.0537713392411,715.1828570500218
49.849999999999305,41.271226228853756,301.5242659862785,67.9199896756387,713.8124382098559
49.8999999999993,41.19199060941317,300.9335262110063,67.78648480041765,712.4446156256641
49.9499999999993,41.11291687214772,300.34402471432395,67.65325625454345,711.079384284868
49.9999999999993,41.03400445130471,299.75575868550226,67.52030357445592,709.7167391923753
50.0,41.0340044513036,299.755758685494,67.52030357445406,709.7167391923562
